{"average_reward": 22.9, "_timestamp": 1720481732.7310379, "_runtime": 0.617804765701294, "_step": 0, "_wandb": {"runtime": 0}}