{"_runtime":201.341659,"_step":177,"_timestamp":1722919449.5837908,"_wandb":{"runtime":205},"mean_reward":null,"steps_done":10180,"total_reward":0.9199999999999968,"video_10180":{"_type":"video-file","path":"media/videos/video_10180_177_533ffaba4d1c0e56b7bc.mp4","sha256":"533ffaba4d1c0e56b7bc0c6409066c4613911e19fb0213bf544091fd47238c94","size":128092}}