{"average_reward": 22.9, "_timestamp": 1720481814.0985675, "_runtime": 0.6167294979095459, "_step": 0, "_wandb": {"runtime": 0}}