{"_runtime":128.205542,"_step":105,"_timestamp":1722401071.25619,"_wandb":{"runtime":128},"mean_reward":null,"steps_done":10016,"total_reward":-0.40000000000000024}