{"_runtime":145.363302,"_step":152,"_timestamp":1722394771.5066066,"_wandb":{"runtime":145},"mean_reward":-0.22799999999999881,"steps_done":11257,"total_reward":-0.4200000000000006,"video_10378":{"_type":"video-file","path":"media/videos/video_10378_137_4e1d14a954285e890993.mp4","sha256":"4e1d14a954285e89099351518e407c2ef1e4f2b259aad6bdfae0291302edd252","size":196159}}