{"average_reward": 20.6, "_timestamp": 1720482216.0128148, "_runtime": 0.6627697944641113, "_step": 0, "_wandb": {"runtime": 0}}