{"_runtime":196.127611,"_step":196,"_timestamp":1722920454.3873804,"_wandb":{"runtime":203},"mean_reward":null,"steps_done":10007,"total_reward":-0.28000000000000025,"video_10007":{"_type":"video-file","path":"media/videos/video_10007_196_519f55c640fde452e85d.mp4","sha256":"519f55c640fde452e85d556374d6d605d6af749bfa231bb897ba292e8501a49f","size":246273}}