{"average_reward": 20.6, "_timestamp": 1720481532.1432927, "_runtime": 0.6340317726135254, "_step": 0, "_wandb": {"runtime": 0}}