{"_runtime":212.468338,"_step":195,"_timestamp":1722919710.719695,"_wandb":{"runtime":220},"mean_reward":null,"steps_done":10059,"total_reward":0.2799999999999985,"video_10059":{"_type":"video-file","path":"media/videos/video_10059_195_7f68fffb6df83da45b64.mp4","sha256":"7f68fffb6df83da45b64fdd8d2e50499385489ebdab1b99b8b069167526c32e3","size":130756}}