{"_runtime":116.013994,"_step":125,"_timestamp":1722395998.601744,"_wandb":{"runtime":119},"mean_reward":null,"steps_done":10286,"total_reward":-8.87999999999992}