{"_runtime":0.397918,"_step":0,"_timestamp":1720484108.823383,"_wandb":{"runtime":0},"average_reward":22.1}