{"acc": 0.8295727643688434, "loss": 0.08723698999952652, "_timestamp": 1720478648.4503245, "_runtime": 0.6957154273986816, "_step": 7, "_wandb": {"runtime": 0}}