{"_runtime":0.408976,"_step":0,"_timestamp":1720484074.4915893,"_wandb":{"runtime":0},"average_reward":21.4}