{"_runtime":0.696264,"_step":0,"_timestamp":1722399913.520059,"_wandb":{"runtime":1},"mean_reward":-0.5000000000000003,"steps_done":27,"total_reward":-0.5000000000000003}