{"_runtime":205.582705,"_step":165,"_timestamp":1722918212.7879045,"_wandb":{"runtime":209},"mean_reward":null,"steps_done":10083,"total_reward":0.4999999999999982,"video_10083":{"_type":"video-file","path":"media/videos/video_10083_165_4e5826109853c9450c63.mp4","sha256":"4e5826109853c9450c630d6b69b4126afb88b3e7c64bfb81a7603d7532e7e9cf","size":142115}}