{"_runtime":0.401299,"_step":0,"_timestamp":1720483061.3548326,"_wandb":{"runtime":0},"average_reward":19.2}