{"_runtime":127.499331,"_step":120,"_timestamp":1722399443.6200483,"_wandb":{"runtime":127},"mean_reward":null,"steps_done":10000,"total_reward":-0.32000000000000206}