{"_runtime":121.094381,"_step":116,"_timestamp":1722399655.5420084,"_wandb":{"runtime":121},"mean_reward":null,"steps_done":10088,"total_reward":-0.4000000000000026}