{"_runtime":194.104204,"_step":196,"_timestamp":1722919155.4787428,"_wandb":{"runtime":198},"mean_reward":null,"steps_done":10037,"total_reward":-1.3600000000000005,"video_10037":{"_type":"video-file","path":"media/videos/video_10037_196_5593519c03093c546b29.mp4","sha256":"5593519c03093c546b295ae3ee938aec0af1374134ffafd2ecf4c87aae58984e","size":132062}}