{"_runtime":122.176971,"_step":92,"_timestamp":1722401330.4518945,"_wandb":{"runtime":122},"mean_reward":null,"steps_done":10333,"total_reward":-12.559999999999842}