{"_runtime":119.100065,"_step":129,"_timestamp":1722399053.6278453,"_wandb":{"runtime":119},"mean_reward":null,"steps_done":10438,"total_reward":-10.499999999999888}