{"_runtime":113.096639,"_step":106,"_timestamp":1722416130.6116047,"_wandb":{"runtime":113},"mean_reward":null,"steps_done":10132,"total_reward":-0.10000000000000187}