{"_runtime":127.028053,"_step":122,"_timestamp":1722414158.235261,"_wandb":{"runtime":127},"mean_reward":null,"steps_done":10038,"total_reward":-0.14000000000000368}