{"_runtime":115.977067,"_step":138,"_timestamp":1722396880.91478,"_wandb":{"runtime":119},"mean_reward":null,"steps_done":10029,"total_reward":3.3000000000000034}