{"average_reward": 26.8, "_timestamp": 1720482320.1629093, "_runtime": 0.6233391761779785, "_step": 0, "_wandb": {"runtime": 0}}