{"_runtime":179.922442,"_step":199,"_timestamp":1722878277.7830446,"_wandb":{"runtime":181},"mean_reward":null,"steps_done":10017,"total_reward":1.6399999999999997}