{"_runtime":0.391364,"_step":0,"_timestamp":1720482726.2037396,"_wandb":{"runtime":0},"average_reward":23.9}