{"average_reward": 18.7, "_timestamp": 1720482423.3068802, "_runtime": 0.6699411869049072, "_step": 0, "_wandb": {"runtime": 0}}