{"_runtime":112.568093,"_step":89,"_timestamp":1722394556.3746183,"_wandb":{"runtime":112},"mean_reward":null,"steps_done":10048,"total_reward":2.1999999999999993}