{"_runtime":121.202536,"_step":111,"_timestamp":1722398439.6065187,"_wandb":{"runtime":121},"mean_reward":null,"steps_done":10001,"total_reward":-0.7600000000000007}